{
    "name": "Entangling Vines:",
    "description": "The earth answers your call, sending forth a writhing mass of vines. They wrap around your foes, constricting their movement and holding them captive in a thorny prison.\n\nStuns and poisons everything within 5 blocks for 7 seconds.",
    "type": "origins:active_self",
    "entity_action": {
        "type": "origins:and",
        "actions": [
            {
                "type": "origins:area_of_effect",
                "radius": 5,
                "bientity_action": {
                    "type": "origins:target_action",
                    "action": {
                        "type": "origins:and",
                        "actions": [
                            {
                                "type": "origins:apply_effect",
                                "effect": {
                                    "effect": "minecraft:poison",
                                    "duration": 140,
                                    "amplifier": 0,
                                    "show_particles": false,
                                    "show_icon": true
                                }
                            },
                            {
                                "type": "origins:apply_effect",
                                "effect": {
                                    "effect": "amethyst_imbuement:stunned",
                                    "duration": 140,
                                    "amplifier": 0,
                                    "show_particles": false,
                                    "show_icon": true
                                }
                            }
                        ]
                    }
                }
            }
        ]
    },
    "cooldown": 1200,
    "hud_render": {
        "should_render": true,
        "sprite_location": "origins:textures/gui/community/spiderkolo/resource_bar_03.png",
        "bar_index": 11
    },
    "key": "primary"
}