{
    "name": "Nature's Whisper:",
    "description": "Listen to the whispers of the wind and the rustling of leaves.The secrets of the wild are revealed to you, highlighting the presence of nearby enemies.\n\nGives all enemies in 20 blocks glowing for 5 seconds.",
    "type": "origins:active_self",
    "entity_action": {
        "type": "origins:and",
        "actions": [
            {
                "type": "origins:area_of_effect",
                "radius": 20,
                "bientity_action": {
                    "type": "origins:target_action",
                    "action": {
                        "type": "origins:apply_effect",
                        "effect": {
                            "effect": "minecraft:glowing",
                            "duration": 100,
                            "amplifier": 1,
                            "show_particles": false,
                            "show_icon": false
                        }
                    }
                }
            }
        ]
    },
    "cooldown": 1500,
    "hud_render": {
        "should_render": true,
        "sprite_location": "origins:textures/gui/community/spiderkolo/resource_bar_02.png",
        "bar_index": 22
    },
    "key": "secondary"
}