{
    "name": "Bone Whisperer:",
    "description": "You possess a strange affinity with the skeletal dead. They sense your presence and are compelled to ignore you, as if bound by an unseen pact.\n\nSkeletons don't attack you.",
    "type": "origins:invulnerability",
    "damage_condition": {
        "type": "origins:and",
        "conditions": [
            {
                "type": "origins:name",
                "name": "minecraft:skeleton"
            },
            {
                "type": "origins:name",
                "name": "minecraft:wither_skeleton"
            },
            {
                "type": "origins:name",
                "name": "betternether:jungle_skeleton"
            }
        ]
    }
}