{
    "name": "Skeletal Renewal:",
    "description": "Uses knowledge of herbs, bones, and the spirit world to heal injuries and illnesses. But it leaves you with a gnawing hunger and a wave of nausea.\n \nInstantly heals 6 hearts but gives hunger 2 and nausea for 10 seconds.",
    "type": "origins:active_self",
    "entity_action": {
        "type": "origins:apply_effect",
        "effects": [
            {
                "effect": "minecraft:hunger",
                "duration": 200,
                "amplifier": 1,
                "show_particles": false,
                "show_icon": true
            },
            {
                "effect": "minecraft:nausea",
                "duration": 200,
                "amplifier": 0,
                "show_particles": false,
                "show_icon": true
            },
            {
                "effect": "minecraft:instant_health",
                "duration": 1,
                "amplifier": 2,
                "show_particles": false,
                "show_icon": false
            }
        ]
    },
    "cooldown": 2400,
    "hud_render": {
        "should_render": true,
        "sprite_location": "origins:textures/gui/community/huang/resource_bar_01.png",
        "bar_index": 9
    },
    "key": "secondary"
}