{
    "name": "Sharp Bones:",
    "description": "Your skeleton has become a weapon. Each strike grinds bone against bone, tearing flesh and shattering armor. Inflict deep, bleeding wounds with every attack.\n\nGives +5 base attack power for 7 seconds.",
    "type": "origins:active_self",
    "entity_action": {
        "type": "origins:and",
        "actions": [
            {
                "type": "origins:execute_command",
                "command": "attribute @s minecraft:generic.attack_damage base set 6"
            },
            {
                "type": "origins:delay",
                "action": {
                    "type": "origins:execute_command",
                    "command": "attribute @s minecraft:generic.attack_damage base set 1"
                },
                "ticks": 140
            }
        ]
    },
    "cooldown": 2000,
    "hud_render": {
        "should_render": true,
        "sprite_location": "origins:textures/gui/community/spiderkolo/resource_bar_03.png",
        "bar_index": 5
    },
    "key": "primary"
}