{
    "name": "One With the Shadows:",
    "description": "Embrace the abyss, and it will embrace you in return. The darkness conceal into an impenetrable shield.\n\nGrants Resistance two for 15 seconds.",
    "type": "origins:active_self",
    "entity_action": {
        "type": "origins:apply_effect",
        "effect": {
            "effect": "minecraft:resistance",
            "duration": 300,
            "amplifier": 1,
            "show_particles": false,
            "show_icon": true
        }
    },
    "cooldown": 2500,
    "hud_render": {
        "should_render": true,
        "sprite_location": "origins:textures/gui/community/spiderkolo/resource_bar_01.png",
        "bar_index": 24
    },
    "key": "secondary"
}