{
    "name": "Illusion:",
    "description": "Weave illusions from darkness, making them incredibly realistic and difficult to distinguish from reality.\n\nSpawn two Shadow Walkers to fight for you.",
    "type": "origins:active_self",
    "entity_action": {
        "type": "origins:and",
        "actions": [
            {
                "type": "origins:and",
                "actions": [
                    {
                        "type": "origins:spawn_entity",
                        "entity_type": "betterend:shadow_walker",
                        "entity_action": {
                            "type": "origins:apply_effect",
                            "effects": [
                                {
                                    "effect": "minecraft:instant_health",
                                    "duration": 800,
                                    "amplifier": 1,
                                    "show_particles": false,
                                    "show_icon": false
                                },
                                {
                                    "effect": "minecraft:wither",
                                    "duration": 1560,
                                    "amplifier": 0,
                                    "show_particles": false,
                                    "show_icon": false
                                }
                            ]
                        }
                    },
                    {
                        "type": "origins:apply_effect",
                        "effects": [
                            {
                                "effect": "minecraft:speed",
                                "duration": 1560,
                                "amplifier": 0,
                                "show_particles": false,
                                "show_icon": false
                            }
                        ]
                    }
                ]
            },
            {
                "type": "origins:spawn_entity",
                "entity_type": "betterend:shadow_walker",
                "entity_action": {
                    "type": "origins:and",
                    "actions": [
                        {
                            "type": "origins:execute_command",
                            "command": "team join summoner"
                        },
                        {
                            "type": "origins:apply_effect",
                            "effects": [
                                {
                                    "effect": "minecraft:wither",
                                    "duration": 1560,
                                    "amplifier": 0,
                                    "show_particles": false,
                                    "show_icon": false
                                },
                                {
                                    "effect": "minecraft:instant_health",
                                    "duration": 1000,
                                    "amplifier": 1,
                                    "show_particles": false,
                                    "show_icon": false
                                }
                            ]
                        }
                    ]
                }
            },
            {
                "type": "origins:spawn_particles",
                "particle": "minecraft:witch",
                "count": 10,
                "speed": 2
            },
            {
                "type": "origins:play_sound",
                "sound": "entity.evoker_fangs.attack",
                "volume": 1,
                "pitch": 1
            },
            {
                "type": "origins:play_sound",
                "sound": "betterend:betterend.entity.shadow_walker",
                "volume": 5,
                "pitch": 1
            }
        ]
    },
    "cooldown": 1,
    "hud_render": {
        "should_render": true,
        "sprite_location": "origins:textures/gui/community/spiderkolo/resource_bar_02.png",
        "bar_index": 19
    }
}