{
    "name": "The Shadow Walker",
    "description": "Cloaked in mystery, the Shadow Walker commands the darkness and whispers secrets only the shadows can hear. They are often in solitary, preferring the quiet solitude of the night.",
    "powers": [
        "magical_origins:shadow_walker/add_team_summmoner",
        "magical_origins:shadow_walker/spawn_shadows",
        "magical_origins:shadow_walker/shadow_friend_list",
        "magical_origins:shadow_walker/one_with_the_shadows",
        "magical_origins:shadow_walker/night_vision"
    ],
    "icon": {
        "item": "betterend:shadow_grass_path",
        "amount": 1
    },
    "impact": 3
}