{
    "name": "The Weather Weaver",
    "description": "A force of nature, the Weather Weaver wields the power of the tempest. Their powers are as unpredictable as the weather they commands.",
    "powers": [
        "magical_origins:weather_weaver/cold_air",
        "magical_origins:weather_weaver/windy_flight",
        "magical_origins:weather_weaver/lightning_summon",
        "magical_origins:weather_weaver/lightning_imunity"
    ],
    "icon": {
        "item": "kubejs:cloud_logo"
    },
    "impact": 3
}