{
    "name": "Lightning Summoning:",
    "description": "The skies crackle and roar as you invoke the power of the storm. Bolts of lightning descend at your command, searing your foes and destroying everything with raw electrical energy.\n\nSummons lightning bolts in a 4 block circle around you that damages everything and destroying all blocks.",
    "type": "origins:active_self",
    "entity_action": {
        "type": "origins:area_of_effect",
        "radius": 4,
        "bientity_condition": {
            "inverted": true,
            "type": "origins:owner"
        },
        "bientity_action": {
            "type": "origins:target_action",
            "action": {
                "type": "origins:spawn_entity",
                "entity_type": "minecraft:lightning_bolt"
            }
        }
    },
    "cooldown": 1000,
    "hud_render": {
        "should_render": true,
        "sprite_location": "origins:textures/gui/community/spiderkolo/resource_bar_02.png",
        "bar_index": 24
    },
    "key": "secondary"
}