{
    "name": "Starfall Gaze.",
    "description": "A touch of celestial magic grants you a brief glimpse into the stellar flow of time, allowing you to anticipate and redirect incoming projectile attacks.\n\nArrows Never hit you and bounce back towards your attacker.",
    "type": "origins:action_over_time",
    "interval": 10,
    "entity_action": {
        "type": "origins:apply_effect",
        "effect": {
            "effect": "bewitchment:deflection",
            "duration": 300,
            "amplifier": 0,
            "show_particles": false,
            "show_icon": false
        }
    }
}