{
    "name": "Cold Air",
    "description": "A biting gust of winter's breath emanates from you, chilling the very air and stunning those caught within its grasp.\n\nStuns everything 10 blocks around you for 10 seconds.",
    "type": "origins:active_self",
    "entity_action": {
        "type": "origins:and",
        "actions": [
            {
                "type": "origins:area_of_effect",
                "radius": 10,
                "bientity_action": {
                    "type": "origins:target_action",
                    "action": {
                        "type": "origins:apply_effect",
                        "effects": [
                            {
                                "effect": "amethyst_imbuement:stunned",
                                "duration": 100,
                                "amplifier": 0,
                                "show_particles": false,
                                "show_icon": false
                            }
                        ]
                    }
                }
            }
        ]
    },
    "cooldown": 1000,
    "hud_render": {
        "should_render": true,
        "sprite_location": "origins:textures/gui/community/spiderkolo/resource_bar_02.png",
        "bar_index": 8
    },
    "key": "primary"
}