{
    "name": "Sunbeam:",
    "description": "Manipulates fire with ease, summoning flames and creating fireballs.",
    "type": "origins:active_self",
    "entity_action": {
        "type": "origins:raycast",
        "distance": 50,
        "block": true,
        "entity": true,
        "shape_type": "collider",
        "fluid_handling": "any",
        "bientity_condition": {
            "type": "origins:distance",
            "comparison": "<=",
            "compare_to": 50
        },
        "bientity_action": {
            "type": "origins:target_action",
            "action": {
                "type": "origins:and",
                "actions": [
                    {
                        "type": "origins:apply_effect",
                        "effect": {
                            "effect": "minecraft:instant_damage",
                            "duration": 1,
                            "amplifier": 0,
                            "show_particles": true,
                            "show_icon": true
                        }
                    },
                    {
                        "type": "origins:set_on_fire",
                        "duration": 4
                    }
                ]
            }
        },
        "block_action": {
            "type": "origins:add_block",
            "block": "fire"
        },
        "command_at_hit": "particle minecraft:large_smoke ~ ~ ~ 1 1 1 0 5",
        "command_along_ray": "particle minecraft:flame ~ ~ ~ 0.25 0.25 0.25 0 10",
        "command_step": 1
    },
    "cooldown": 1000,
    "hud_render": {
        "should_render": true,
        "sprite_location": "origins:textures/gui/community/huang/resource_bar_02.png",
        "bar_index": 15
    },
    "key": "primary"
}