{
    "type": "amethyst_imbuement:imbuing",
    "imbueA": {
      "item": "amethyst_imbuement:gem_dust"
    },
    "imbueB": {
      "item": "amethyst_imbuement:beryl_copper_block"
    },
    "imbueC": {
      "item": "amethyst_imbuement:gem_dust"
    },
    "imbueD": {
      "item": "amethyst_imbuement:gem_dust"
    },
    "craftA": {
      "item": "amethyst_imbuement:imbued_quartz"
    },
    "craftB": {
      "item": "amethyst_imbuement:danburite"
    },
    "craftC": {
      "item": "amethyst_imbuement:imbued_quartz"
    },
    "craftD": {
      "item": "amethyst_imbuement:imbued_lapis"
    },
    "craftE": {
      "item": "amethyst_imbuement:opal"
    },
    "craftF": {
      "item": "amethyst_imbuement:imbued_lapis"
    },
    "craftG": {
      "item": "amethyst_imbuement:imbued_quartz"
    },
    "craftH": {
      "item": "amethyst_imbuement:danburite"
    },
    "craftI": {
      "item": "amethyst_imbuement:imbued_quartz"
    },
    "title": "Iridescent Orb",
    "cost": 11,
    "resultA": "amethyst_imbuement:iridescent_orb",
    "countA": 1
  }